 Day 1 , 2025-03-10 23:59
 Day 2 , 2025-03-11 23:59
 Day 3 , 2025-03-13 23:59
 Day 4 , 2025-03-14 23:59
 Day 5 , 2025-03-17 23:59
 Day 6 , 2025-03-18 23:59
 Day 7 , 2025-03-20 23:59
 Day 8 , 2025-03-21 23:59
 Day 9 , 2025-03-24 23:59
 Day 10 , 2025-03-25 23:59
 Day 11 , 2025-03-27 23:59
 Day 12 , 2025-03-28 23:59
 Day 13 , 2025-03-31 23:59
 Day 14 , 2025-04-01 23:59
 Day 15 , 2025-04-03 23:59
 Day 16 , 2025-04-04 23:59
 Day 17 , 2025-04-07 23:59
 Day 18 , 2025-04-08 23:59
 Day 19 , 2025-04-10 23:59
 Day 20 , 2025-04-11 23:59
 Day 21 , 2025-04-21 23:59
 Day 22 , 2025-04-22 23:59
 Day 23 , 2025-04-24 23:59
 Day 24 , 2025-04-25 23:59
 Day 25 , 2025-04-28 23:59
 Day 26 , 2025-04-29 23:59
 Day 27 , 2025-05-01 23:59
 Day 28 , 2025-05-02 23:59
 Day 29 , 2025-05-05 23:59
 Day 30 , 2025-05-06 23:59
 Day 31 , 2025-05-08 23:59
 Day 32 , 2025-05-09 23:59
 Day 33 , 2025-05-12 23:59
 Day 34 , 2025-05-13 23:59
 Day 35 , 2025-05-15 23:59
 Day 36 , 2025-05-16 23:59
 Day 37 , 2025-05-19 23:59
 Day 38 , 2025-05-20 23:59
 Day 39 , 2025-05-22 23:59
 Day 40 , 2025-05-23 23:59
